ApplicationID,ApplicationName,Description,ApplicationType,Owner,Tier3AI,StatusCode,EnvironmentID,HostingModel,RuntimeVersion,FrameworkVersion,DeploymentID,RepositoryURL,DockerImage,DockerRegistry,CriticalityCode,SLA,MaxResponseTimeMs,DataClassification,ComplianceFrameworks,DependsOnServices,DependsOnApplications,ExternalDependencies,MonitoringEnabled,AlertingEnabled,AutoScalingEnabled,MinInstances,MaxInstances,HealthCheckPath,HealthCheckInterval,Notes
APP-SPARK-001,MCP Tool Registry API,FastAPI JSON-RPC 2.0 endpoint plus SSE bus,API,Norman Hawkins,Norman Hawkins,STS-004,ENV-005,HST-003,3.11,FastAPI 0.136.3,DEP-SPARK-001,trancendos.com/the-workshop/tranc3/src/mcp,tranc3-backend:latest,self-hosted registry,CRT-001,99.9%,3000,DC-002,ITIL;SOC2,SRV-VOID-001;SRV-INF-001,None,None,TRUE,TRUE,FALSE,1,2,/mcp/health,30,Routes /mcp/rpc /mcp/sse /mcp/tools /mcp/health
APP-GRID-001,Workflow Engine API,DAG builder plus topological executor,API,Tyler Towncroft,Tyler Towncroft,STS-004,ENV-005,HST-003,3.11,FastAPI 0.136.3,DEP-GRID-001,trancendos.com/the-workshop/tranc3/src/workflow,workflow-engine-service:latest,self-hosted registry,CRT-001,99.9%,5000,DC-002,ITIL;SOC2,SRV-VOID-001;SRV-INF-001,APP-INF-001,None,TRUE,TRUE,TRUE,1,3,/health,30,workers/workflow-engine-service port 8034
APP-INF-001,Infinity Identity Provider,OAuth2/OIDC login and token service,Web,The Guardian (Anchor: Orb of Orisis),The Guardian (Anchor: Orb of Orisis),STS-004,ENV-005,HST-003,3.11,FastAPI 0.136.3,DEP-INF-001,trancendos.com/the-workshop/tranc3/workers/infinity-auth,infinity-auth:latest,self-hosted registry,CRT-001,99.95%,1000,DC-003,ITIL;SOC2;GDPR,SRV-VOID-001,None,None,TRUE,TRUE,TRUE,2,4,/health,15,workers/infinity-auth port 8005
APP-VOID-001,Void Vault Service,AES-GCM secrets vault with Shamir unseal,API,Prometheus,Prometheus,STS-002,ENV-005,HST-003,3.11,FastAPI 0.136.3,DEP-VOID-001,trancendos.com/the-workshop/tranc3/workers/vault-service,vault-service:latest,self-hosted registry,CRT-001,99.95%,500,DC-004,ITIL;SOC2;GDPR,SRV-INF-001,APP-INF-001,None,TRUE,TRUE,FALSE,1,2,/health,30,"DEPRECATED (see workers/vault-service/DEPRECATED.md) but genuinely reachable at compose's mapped 8038:8038 - the Dockerfile's CMD invokes uvicorn directly on 8038, so the earlier 'unreachable port' claim here was wrong (it referred to dead __main__-block code the Dockerfile never executes) - fixed anyway for consistency this session, see 02_service_inventory.csv Notes"
APP-WORKSHOP-001,Forgejo,Self-hosted git hosting and CI/CD,Web,Larry Lowhammer,Larry Lowhammer,STS-004,ENV-005,HST-003,go 1.21,Forgejo 7,DEP-WORKSHOP-001,trancendos.com/the-workshop,codeberg.org/forgejo/forgejo:7,codeberg.org registry,CRT-001,99.9%,3000,DC-002,ITIL;SOC2,SRV-INF-001;SRV-VOID-001,APP-INF-001,None,TRUE,TRUE,FALSE,1,1,/api/v1/version,60,deploy/forgejo/ port 3456
APP-OBS-001,Observatory Dashboard,Metrics tracing and audit log viewer,Web,Norman Hawkins,Norman Hawkins,STS-004,ENV-005,HST-003,3.11,FastAPI 0.136.3,DEP-OBS-001,trancendos.com/the-workshop/tranc3/workers/observatory,observatory:latest,self-hosted registry,CRT-001,99.9%,2000,DC-003,ITIL;SOC2;GDPR,SRV-INF-001,APP-INF-001,Prometheus;Loki,TRUE,TRUE,FALSE,1,2,/health,60,workers/observatory port 8065
APP-PORTAL-001,Infinity Portal Frontend,Public login portal + Infinity Gate auth handshake,Web,The Guardian (Anchor: Orb of Orisis),The Guardian (Anchor: Orb of Orisis),STS-004,ENV-005,HST-003,3.11,FastAPI 0.136.3,DEP-PORTAL-001,trancendos.com/the-workshop/tranc3/workers/infinity-portal-service,infinity-portal-service:latest,self-hosted registry,CRT-001,99.9%,3000,DC-003,ITIL;SOC2;GDPR,SRV-INF-001,APP-INF-001,None,TRUE,TRUE,FALSE,1,2,/health,30,"workers/infinity-portal-service port 8042 - SLA/DataClassification are the P1-tier default pattern, not independently measured"
APP-ONE-001,Infinity-One Identity Resolver,Single identity layer across the ecosystem,Web,The Guardian (Anchor: Orb of Orisis),The Guardian (Anchor: Orb of Orisis),STS-004,ENV-005,HST-003,3.11,FastAPI 0.136.3,DEP-ONE-001,trancendos.com/the-workshop/tranc3/workers/infinity-one-service,infinity-one-service:latest,self-hosted registry,CRT-001,99.9%,3000,DC-003,ITIL;SOC2;GDPR,SRV-INF-001,APP-INF-001,None,TRUE,TRUE,FALSE,1,2,/health,30,"workers/infinity-one-service port 8043 - SLA/DataClassification are the P1-tier default pattern, not independently measured"
APP-ADMIN-001,Infinity Admin OS,Entity and configuration management,Web,The Guardian (Anchor: Orb of Orisis),The Guardian (Anchor: Orb of Orisis),STS-004,ENV-005,HST-003,3.11,FastAPI 0.136.3,DEP-ADMIN-001,trancendos.com/the-workshop/tranc3/workers/infinity-admin-service,infinity-admin-service:latest,self-hosted registry,CRT-001,99.9%,3000,DC-003,ITIL;SOC2;GDPR,SRV-INF-001,APP-INF-001,None,TRUE,TRUE,FALSE,1,2,/health,30,"workers/infinity-admin-service port 8044 - SLA/DataClassification are the P1-tier default pattern, not independently measured"
APP-SHARDS-001,Infinity Shards,Pluggable entity power-ups API,API,The Guardian (Anchor: Orb of Orisis),The Guardian (Anchor: Orb of Orisis),STS-004,ENV-005,HST-003,3.11,FastAPI 0.136.3,DEP-SHARDS-001,trancendos.com/the-workshop/tranc3/workers/infinity-shards-service,infinity-shards-service:latest,self-hosted registry,CRT-001,99.9%,3000,DC-003,ITIL;SOC2;GDPR,SRV-INF-001,APP-INF-001,None,TRUE,TRUE,FALSE,1,2,/health,30,"workers/infinity-shards-service port 8045 - SLA/DataClassification are the P1-tier default pattern, not independently measured"
APP-BRIDGE-001,Infinity Bridge,Human traffic transfer hub API,API,The Guardian (Anchor: Orb of Orisis),The Guardian (Anchor: Orb of Orisis),STS-004,ENV-005,HST-003,3.11,FastAPI 0.136.3,DEP-BRIDGE-001,trancendos.com/the-workshop/tranc3/workers/infinity-bridge-service,infinity-bridge-service:latest,self-hosted registry,CRT-001,99.9%,3000,DC-003,ITIL;SOC2;GDPR,SRV-INF-001,APP-INF-001,None,TRUE,TRUE,FALSE,1,2,/health,30,"workers/infinity-bridge-service port 8070 - SLA/DataClassification are the P1-tier default pattern, not independently measured"
APP-USERS-001,Users Service,User management API,API,The Guardian (Anchor: Orb of Orisis),The Guardian (Anchor: Orb of Orisis),STS-004,ENV-005,HST-003,3.11,FastAPI 0.136.3,DEP-USERS-001,trancendos.com/the-workshop/tranc3/workers/users-service,users-service:latest,self-hosted registry,CRT-001,99.9%,3000,DC-003,ITIL;SOC2;GDPR,SRV-INF-001,APP-INF-001,None,TRUE,TRUE,FALSE,1,2,/health,30,"workers/users-service port 8006 - SLA/DataClassification are the P1-tier default pattern, not independently measured"
APP-MONDASH-001,Monitoring Dashboard,infinity-monitoring-dashboard replacement,Web,Norman Hawkins,Norman Hawkins,STS-004,ENV-005,HST-003,3.11,FastAPI 0.136.3,DEP-MONDASH-001,trancendos.com/the-workshop/tranc3/workers/monitoring,monitoring:latest,self-hosted registry,CRT-001,99.9%,2000,DC-003,ITIL;SOC2;GDPR,SRV-INF-001,APP-INF-001,Prometheus;Loki,TRUE,TRUE,FALSE,1,2,/health,30,"workers/monitoring port 8007 - SLA/DataClassification are the P1-tier default pattern (matches APP-OBS-001), not independently measured"
APP-NOTIF-001,Notifications Service,trancendos-notifications-service,API,Lilli SC,Lilli SC,STS-004,ENV-005,HST-003,3.11,FastAPI 0.136.3,DEP-NOTIF-001,trancendos.com/the-workshop/tranc3/workers/notifications,notifications:latest,self-hosted registry,CRT-001,99.9%,3000,DC-002,ITIL;SOC2,SRV-INF-001,APP-INF-001,None,TRUE,TRUE,FALSE,1,2,/health,30,"workers/notifications port 8008 - owner is Arcadia's Lead AI per PLATFORM_ENTITIES.md's worker-map table - SLA/DataClassification are the P1-tier default pattern, not independently measured"
APP-AI-001,Infinity AI Gateway,"AI gateway, adaptive rotation across 8 providers: Ollama, Groq, Cerebras, OpenRouter, HuggingFace, Together, DeepSeek, Offline",API,Cornelius MacIntyre,Cornelius MacIntyre,STS-004,ENV-005,HST-003,3.11,FastAPI 0.136.3,DEP-AI-001,trancendos.com/the-workshop/tranc3/workers/infinity-ai,infinity-ai:latest,self-hosted registry,CRT-001,99.9%,5000,DC-002,ITIL;SOC2,SRV-INF-001,APP-INF-001,Ollama;Groq;Cerebras;OpenRouter;HuggingFace;Together;DeepSeek,TRUE,TRUE,FALSE,1,2,/health,30,"workers/infinity-ai port 8009 - owner is Luminous's Lead AI per CLAUDE.md's legacy CF worker mapping - description/dependency list verified against workers/infinity-ai/config.py + main.py's own docstring (8-provider rotation), not the stale 5-tier text from src/ai_gateway/'s separate implementation - config.py comments mark Groq/Cerebras/OpenRouter/HuggingFace/DeepSeek as free-tier but Together as 'credit-based approximation' (requires a funded/paid account, not a perpetual free tier) - do not treat this gateway as fully zero-cost without disabling or budget-capping the Together provider - SLA/DataClassification are the P1-tier default pattern (matches APP-SPARK-001), not independently measured"
APP-THEGRID-001,The Digital Grid Workflow API,Workflow orchestration engine (the-grid-api),API,Tyler Towncroft,Tyler Towncroft,STS-004,ENV-005,HST-003,3.11,FastAPI 0.136.3,DEP-THEGRID-001,trancendos.com/the-workshop/tranc3/workers/the-grid,the-grid:latest,self-hosted registry,CRT-001,99.9%,5000,DC-002,ITIL;SOC2,SRV-INF-001,APP-INF-001,None,TRUE,TRUE,FALSE,1,2,/health,30,"workers/the-grid port 8010 - SLA/DataClassification are the P-tier default pattern, not independently measured"
APP-PRODUCTS-001,Products Catalogue API,trancendos-products-service,API,The Porter Family,The Porter Family,STS-004,ENV-005,HST-003,3.11,FastAPI 0.136.3,DEP-PRODUCTS-001,trancendos.com/the-workshop/tranc3/workers/products-service,products-service:latest,self-hosted registry,CRT-001,99.9%,3000,DC-002,ITIL;SOC2,SRV-INF-001,APP-INF-001,None,TRUE,TRUE,FALSE,1,2,/health,30,"workers/products-service port 8011 - owner is Arcadian Exchange's Lead AI per PLATFORM_ENTITIES.md's worker-map table - SLA/DataClassification are the P-tier default pattern"
APP-ORDERS-001,Orders Processing API,trancendos-orders-service,API,The Porter Family,The Porter Family,STS-004,ENV-005,HST-003,3.11,FastAPI 0.136.3,DEP-ORDERS-001,trancendos.com/the-workshop/tranc3/workers/orders-service,orders-service:latest,self-hosted registry,CRT-001,99.9%,3000,DC-002,ITIL;SOC2,SRV-INF-001,APP-INF-001,None,TRUE,TRUE,FALSE,1,2,/health,30,workers/orders-service port 8012 - owner is Arcadian Exchange's Lead AI per CLAUDE.md's legacy CF mapping - SLA/DataClassification are the P-tier default pattern
APP-PAYMENTS-001,Payments Processing API,trancendos-payments-service,API,Dorris Fontaine,Dorris Fontaine,STS-004,ENV-005,HST-003,3.11,FastAPI 0.136.3,DEP-PAYMENTS-001,trancendos.com/the-workshop/tranc3/workers/payments-service,payments-service:latest,self-hosted registry,CRT-001,99.95%,1000,DC-004,ITIL;SOC2;GDPR,SRV-INF-001,APP-INF-001,None,TRUE,TRUE,FALSE,1,2,/health,30,"workers/payments-service port 8013 - owner is Royal Bank of Arcadia's Lead AI per CLAUDE.md's legacy CF mapping - stricter SLA/DataClassification matching APP-VOID-001's pattern for financial data, not independently measured"
APP-FILES-001,Files Storage API,infinity-files-api,API,To be Defined,To be Defined,STS-004,ENV-005,HST-003,3.11,FastAPI 0.136.3,DEP-FILES-001,trancendos.com/the-workshop/tranc3/workers/files-service,files-service:latest,self-hosted registry,CRT-001,99.9%,3000,DC-003,ITIL;SOC2;GDPR,SRV-INF-001,APP-INF-001,None,TRUE,TRUE,FALSE,1,2,/health,30,"workers/files-service port 8014 - owner is DocUtari, Lead AI literally 'To be Defined' per CLAUDE.md/PLATFORM_ENTITIES.md - SLA/DataClassification are the P-tier default pattern"
APP-IDENTITY-001,Identity Resolution API,infinity-os-identity,API,Rocking Ricki,Rocking Ricki,STS-004,ENV-005,HST-003,3.11,FastAPI 0.136.3,DEP-IDENTITY-001,trancendos.com/the-workshop/tranc3/workers/identity-service,identity-service:latest,self-hosted registry,CRT-001,99.9%,3000,DC-003,ITIL;SOC2;GDPR,SRV-INF-001,APP-INF-001,None,TRUE,TRUE,FALSE,1,2,/health,30,workers/identity-service port 8015 - owner is The Lighthouse's Lead AI per PLATFORM_ENTITIES.md's worker-map table (port 8015) - SLA/DataClassification are the P-tier default pattern
APP-ARTIFACTORY-001,The Artifactory API,Zot OCI registry bridge - central artifact repository,API,Lunascene,Lunascene,STS-004,ENV-005,HST-003,3.11,FastAPI 0.136.3,DEP-ARTIFACTORY-001,trancendos.com/the-workshop/tranc3/workers/artifactory-service,artifactory-service:latest,self-hosted registry,CRT-001,99.9%,3000,DC-002,ITIL;SOC2,SRV-INF-001,APP-INF-001,None,TRUE,TRUE,FALSE,1,2,/health,30,"workers/artifactory-service port 8047 - SLA/DataClassification are the P-tier default pattern, not independently measured"
APP-CRYPTEX-001,Cryptex Threat Intel API,Cyber defense engine aggregator (Wazuh/MISP/OpenVAS/ClamAV/YARA/Semgrep),API,Renik,Renik,STS-004,ENV-005,HST-003,3.11,FastAPI 0.136.3,DEP-CRYPTEX-001,trancendos.com/the-workshop/tranc3/workers/cryptex,cryptex:latest,self-hosted registry,CRT-001,99.9%,3000,DC-002,ITIL;SOC2,SRV-INF-001,APP-INF-001,Wazuh;MISP;OpenVAS,TRUE,TRUE,FALSE,1,2,/health,30,"workers/cryptex port 8053 - depends_on misp in docker-compose.production.yml - SLA/DataClassification are the P-tier default pattern, not independently measured"
APP-ICEBOX-001,Ice Box Sandbox API,Sandbox threat isolation and quarantine,API,Neonach,Neonach,STS-004,ENV-005,HST-003,3.11,FastAPI 0.136.3,DEP-ICEBOX-001,trancendos.com/the-workshop/tranc3/workers/ice-box-service,ice-box-service:latest,self-hosted registry,CRT-001,99.9%,3000,DC-002,ITIL;SOC2,SRV-INF-001,APP-INF-001,None,TRUE,TRUE,FALSE,1,2,/health,30,"workers/ice-box-service port 8046 - SLA/DataClassification are the P-tier default pattern, not independently measured"
APP-WARPTUNNEL-001,Warp Tunnel Scanner API,Cryptographic scanner and quarantine transport,API,Rocking Ricki,Rocking Ricki,STS-004,ENV-005,HST-003,3.11,FastAPI 0.136.3,DEP-WARPTUNNEL-001,trancendos.com/the-workshop/tranc3/workers/warp-tunnel,warp-tunnel:latest,self-hosted registry,CRT-001,99.9%,3000,DC-002,ITIL;SOC2,SRV-INF-001,APP-INF-001,None,TRUE,TRUE,FALSE,1,2,/health,30,"workers/warp-tunnel port 8072 - SLA/DataClassification are the P-tier default pattern, not independently measured"
APP-HEALTHAGG-001,Health Aggregator API,Platform-wide health roll-up service,API,Kitty,Kitty,STS-004,ENV-005,HST-003,3.11,FastAPI 0.136.3,DEP-HEALTHAGG-001,trancendos.com/the-workshop/tranc3/workers/health-aggregator,health-aggregator:latest,self-hosted registry,CRT-001,99.9%,3000,DC-002,ITIL;SOC2,SRV-INF-001,APP-INF-001,None,TRUE,TRUE,FALSE,1,2,/health,30,"workers/health-aggregator port 8029 - SLA/DataClassification are the P-tier default pattern, not independently measured"
APP-ANALYTICS-001,Analytics API,Analytics and metrics store,API,Norman Hawkins,Norman Hawkins,STS-004,ENV-005,HST-003,3.11,FastAPI 0.136.3,DEP-ANALYTICS-001,trancendos.com/the-workshop/tranc3/workers/analytics-service,analytics-service:latest,self-hosted registry,CRT-001,99.9%,3000,DC-002,ITIL;SOC2,SRV-INF-001,APP-INF-001,None,TRUE,TRUE,FALSE,1,2,/health,30,"workers/analytics-service port 8016 - SLA/DataClassification are the P-tier default pattern, not independently measured"
APP-SEARCH-001,Search API,Full-text and semantic search,API,Zimik,Zimik,STS-004,ENV-005,HST-003,3.11,FastAPI 0.136.3,DEP-SEARCH-001,trancendos.com/the-workshop/tranc3/workers/search-service,search-service:latest,self-hosted registry,CRT-001,99.9%,3000,DC-002,ITIL;SOC2,SRV-INF-001,APP-INF-001,None,TRUE,TRUE,FALSE,1,2,/health,30,"workers/search-service port 8017 - SLA/DataClassification are the P-tier default pattern, not independently measured"
APP-EMAIL-001,Email Service API,Arcadia email hub,API,Lilli SC,Lilli SC,STS-004,ENV-005,HST-003,3.11,FastAPI 0.136.3,DEP-EMAIL-001,trancendos.com/the-workshop/tranc3/workers/email-service,email-service:latest,self-hosted registry,CRT-001,99.9%,3000,DC-002,ITIL;SOC2,SRV-INF-001,APP-INF-001,None,TRUE,TRUE,FALSE,1,2,/health,30,"workers/email-service port 8018 - log-only until SMTP_HOST configured - SLA/DataClassification are the P-tier default pattern, not independently measured"
APP-SMS-001,SMS Gateway API,SMS gateway,API,Nexus-Prime,Nexus-Prime,STS-004,ENV-005,HST-003,3.11,FastAPI 0.136.3,DEP-SMS-001,trancendos.com/the-workshop/tranc3/workers/sms-service,sms-service:latest,self-hosted registry,CRT-001,99.9%,3000,DC-002,ITIL;SOC2,SRV-INF-001,APP-INF-001,None,TRUE,TRUE,FALSE,1,2,/health,30,"workers/sms-service port 8019 - SLA/DataClassification are the P-tier default pattern, not independently measured"
APP-STORAGE-001,Storage API,IPFS and local blob storage,API,To be Defined,To be Defined,STS-004,ENV-005,HST-003,3.11,FastAPI 0.136.3,DEP-STORAGE-001,trancendos.com/the-workshop/tranc3/workers/storage-service,storage-service:latest,self-hosted registry,CRT-001,99.9%,3000,DC-002,ITIL;SOC2,SRV-INF-001,APP-INF-001,None,TRUE,TRUE,FALSE,1,2,/health,30,"workers/storage-service port 8020 - SLA/DataClassification are the P-tier default pattern, not independently measured"
APP-CRON-001,Cron Scheduler API,ChronosSphere task scheduler,API,Chronos,Chronos,STS-004,ENV-005,HST-003,3.11,FastAPI 0.136.3,DEP-CRON-001,trancendos.com/the-workshop/tranc3/workers/cron-service,cron-service:latest,self-hosted registry,CRT-001,99.9%,3000,DC-002,ITIL;SOC2,SRV-INF-001,APP-INF-001,None,TRUE,TRUE,FALSE,1,2,/health,30,"workers/cron-service port 8021 - SLA/DataClassification are the P-tier default pattern, not independently measured"
APP-QUEUE-001,Queue API,The HIVE task queue,API,The Queen,The Queen,STS-004,ENV-005,HST-003,3.11,FastAPI 0.136.3,DEP-QUEUE-001,trancendos.com/the-workshop/tranc3/workers/queue-service,queue-service:latest,self-hosted registry,CRT-001,99.9%,3000,DC-002,ITIL;SOC2,SRV-INF-001,APP-INF-001,None,TRUE,TRUE,FALSE,1,2,/health,30,"workers/queue-service port 8022 - SLA/DataClassification are the P-tier default pattern, not independently measured"
APP-CACHE-001,Cache API,Distributed cache layer,API,The Queen,The Queen,STS-004,ENV-005,HST-003,3.11,FastAPI 0.136.3,DEP-CACHE-001,trancendos.com/the-workshop/tranc3/workers/cache-service,cache-service:latest,self-hosted registry,CRT-001,99.9%,3000,DC-002,ITIL;SOC2,SRV-INF-001,APP-INF-001,None,TRUE,TRUE,FALSE,1,2,/health,30,"workers/cache-service port 8023 - SLA/DataClassification are the P-tier default pattern, not independently measured"
APP-CONFIG-001,Config API,Central configuration store,API,Prometheus,Prometheus,STS-004,ENV-005,HST-003,3.11,FastAPI 0.136.3,DEP-CONFIG-001,trancendos.com/the-workshop/tranc3/workers/config-service,config-service:latest,self-hosted registry,CRT-001,99.9%,3000,DC-002,ITIL;SOC2,SRV-INF-001,APP-INF-001,None,TRUE,TRUE,FALSE,1,2,/health,30,"workers/config-service port 8024 - SLA/DataClassification are the P-tier default pattern, not independently measured"
APP-AUDIT-001,Audit Trail API,The Observatory audit trail,API,Norman Hawkins,Norman Hawkins,STS-004,ENV-005,HST-003,3.11,FastAPI 0.136.3,DEP-AUDIT-001,trancendos.com/the-workshop/tranc3/workers/audit-service,audit-service:latest,self-hosted registry,CRT-001,99.9%,3000,DC-002,ITIL;SOC2;GDPR,SRV-INF-001,APP-INF-001,None,TRUE,TRUE,FALSE,1,2,/health,30,"workers/audit-service port 8025 - SLA/DataClassification are the P-tier default pattern, not independently measured"
APP-RATELIMIT-001,Rate Limiter API,Token-bucket rate limiter,API,Renik,Renik,STS-004,ENV-005,HST-003,3.11,FastAPI 0.136.3,DEP-RATELIMIT-001,trancendos.com/the-workshop/tranc3/workers/rate-limit-service,rate-limit-service:latest,self-hosted registry,CRT-001,99.9%,3000,DC-002,ITIL;SOC2,SRV-INF-001,APP-INF-001,None,TRUE,TRUE,FALSE,1,2,/health,30,"workers/rate-limit-service port 8026 - SLA/DataClassification are the P-tier default pattern, not independently measured"
APP-GEO-001,Geo Routing API,Geographic routing,API,Predictive lore,Predictive lore,STS-004,ENV-005,HST-003,3.11,FastAPI 0.136.3,DEP-GEO-001,trancendos.com/the-workshop/tranc3/workers/geo-service,geo-service:latest,self-hosted registry,CRT-001,99.9%,3000,DC-002,ITIL;SOC2,SRV-INF-001,APP-INF-001,None,TRUE,TRUE,FALSE,1,2,/health,30,"workers/geo-service port 8027 - SLA/DataClassification are the P-tier default pattern, not independently measured"
APP-CDN-001,CDN API,Static asset delivery,API,Voxx,Voxx,STS-004,ENV-005,HST-003,3.11,FastAPI 0.136.3,DEP-CDN-001,trancendos.com/the-workshop/tranc3/workers/cdn-service,cdn-service:latest,self-hosted registry,CRT-001,99.9%,3000,DC-002,ITIL;SOC2,SRV-INF-001,APP-INF-001,None,TRUE,TRUE,FALSE,1,2,/health,30,"workers/cdn-service port 8028 - fixed a path traversal bug per commit 7465a8cb (see 06_service_deployments.csv) - SLA/DataClassification are the P-tier default pattern, not independently measured"
APP-TOPOLOGY-001,Topology Graph API,Service topology graph,API,Unmapped,Unmapped,STS-004,ENV-005,HST-003,3.11,FastAPI 0.136.3,DEP-TOPOLOGY-001,trancendos.com/the-workshop/tranc3/workers/topology-service,topology-service:latest,self-hosted registry,CRT-001,99.9%,3000,DC-002,ITIL;SOC2,SRV-INF-001,APP-INF-001,None,TRUE,TRUE,FALSE,1,2,/health,30,"workers/topology-service port 8031 - Owner Unmapped, see 02_service_inventory.csv Notes - SLA/DataClassification are the P-tier default pattern"
APP-GBRAIN-001,GBrain Bridge API,GBrain AI bridge,API,Unmapped,Unmapped,STS-004,ENV-005,HST-003,3.11,FastAPI 0.136.3,DEP-GBRAIN-001,trancendos.com/the-workshop/tranc3/workers/gbrain-bridge,gbrain-bridge:latest,self-hosted registry,CRT-001,99.9%,3000,DC-002,ITIL;SOC2,SRV-INF-001,APP-INF-001,None,TRUE,TRUE,FALSE,1,2,/health,30,"workers/gbrain-bridge port 8030 - Owner Unmapped, see 02_service_inventory.csv Notes - SLA/DataClassification are the P-tier default pattern"
APP-LEDGER-001,Ledger API,Royal Bank ledger,API,Dorris Fontaine,Dorris Fontaine,STS-004,ENV-005,HST-003,3.11,FastAPI 0.136.3,DEP-LEDGER-001,trancendos.com/the-workshop/tranc3/workers/ledger-service,ledger-service:latest,self-hosted registry,CRT-001,99.95%,1000,DC-004,ITIL;SOC2;GDPR,SRV-INF-001,APP-INF-001,None,TRUE,TRUE,FALSE,1,2,/health,30,"workers/ledger-service port 8032 - owner inferred from CLAUDE.md role text, not the worker-map table - SLA/DataClassification match other financial-data services"
APP-MODELROUTER-001,Model Router API,AI model routing,API,Unmapped,Unmapped,STS-004,ENV-005,HST-003,3.11,FastAPI 0.136.3,DEP-MODELROUTER-001,trancendos.com/the-workshop/tranc3/workers/model-router-service,model-router-service:latest,self-hosted registry,CRT-001,99.9%,3000,DC-002,ITIL;SOC2,SRV-INF-001,APP-INF-001,None,TRUE,TRUE,FALSE,1,2,/health,30,"workers/model-router-service port 8033 - Owner Unmapped, see 02_service_inventory.csv Notes - SLA/DataClassification are the P-tier default pattern"
APP-SKILLSBENCH-001,Skills Benchmark API,Turing's Hub benchmarks,API,Samantha Turing,Samantha Turing,STS-004,ENV-005,HST-003,3.11,FastAPI 0.136.3,DEP-SKILLSBENCH-001,trancendos.com/the-workshop/tranc3/workers/skills-benchmark-service,skills-benchmark-service:latest,self-hosted registry,CRT-001,99.9%,3000,DC-002,ITIL;SOC2,SRV-INF-001,APP-INF-001,None,TRUE,TRUE,FALSE,1,2,/health,30,"workers/skills-benchmark-service port 8035 - owner inferred from CLAUDE.md role text, not the worker-map table - SLA/DataClassification are the P-tier default pattern"
APP-DEEPAGENTS-001,Deep Agents Orchestrator API,Deep agent orchestration,API,Unmapped,Unmapped,STS-004,ENV-005,HST-003,3.11,FastAPI 0.136.3,DEP-DEEPAGENTS-001,trancendos.com/the-workshop/tranc3/workers/deepagents-orchestrator-service,deepagents-orchestrator-service:latest,self-hosted registry,CRT-001,99.9%,3000,DC-002,ITIL;SOC2,SRV-INF-001,APP-INF-001,None,TRUE,TRUE,FALSE,1,2,/health,30,"workers/deepagents-orchestrator-service port 8037 - Owner Unmapped, see 02_service_inventory.csv Notes - SLA/DataClassification are the P-tier default pattern"
APP-LANGCHAIN-001,LangChain Integration API,LangChain - chain/RAG/agent orchestration,API,Unmapped,Unmapped,STS-004,ENV-005,HST-003,3.11,FastAPI 0.136.3,DEP-LANGCHAIN-001,trancendos.com/the-workshop/tranc3/workers/langchain-integration-service,langchain-integration-service:latest,self-hosted registry,CRT-001,99.9%,3000,DC-002,ITIL;SOC2,SRV-INF-001,APP-INF-001,None,TRUE,TRUE,FALSE,1,2,/health,30,"workers/langchain-integration-service port 8036 - Owner Unmapped, see 02_service_inventory.csv Notes - SLA/DataClassification are the P-tier default pattern"
APP-LLAMAINDEX-001,LlamaIndex API,LlamaIndex - RAG framework / document Q&A,API,Unmapped,Unmapped,STS-004,ENV-005,HST-003,3.11,FastAPI 0.136.3,DEP-LLAMAINDEX-001,trancendos.com/the-workshop/tranc3/workers/llamaindex-service,llamaindex-service:latest,self-hosted registry,CRT-001,99.9%,3000,DC-002,ITIL;SOC2,SRV-INF-001,APP-INF-001,None,TRUE,TRUE,FALSE,1,2,/health,30,"workers/llamaindex-service port 8096 - Owner Unmapped, see 02_service_inventory.csv Notes - SLA/DataClassification are the P-tier default pattern"
APP-HAYSTACK-001,Haystack API,Haystack - production RAG pipelines,API,Unmapped,Unmapped,STS-004,ENV-005,HST-003,3.11,FastAPI 0.136.3,DEP-HAYSTACK-001,trancendos.com/the-workshop/tranc3/workers/haystack-service,haystack-service:latest,self-hosted registry,CRT-001,99.9%,3000,DC-002,ITIL;SOC2,SRV-INF-001,APP-INF-001,None,TRUE,TRUE,FALSE,1,2,/health,30,"workers/haystack-service port 8097 - Owner Unmapped, see 02_service_inventory.csv Notes - SLA/DataClassification are the P-tier default pattern"
APP-DSPY-001,DSPy API,DSPy - programmatic LLM prompt compiler,API,Unmapped,Unmapped,STS-004,ENV-005,HST-003,3.11,FastAPI 0.136.3,DEP-DSPY-001,trancendos.com/the-workshop/tranc3/workers/dspy-service,dspy-service:latest,self-hosted registry,CRT-001,99.9%,3000,DC-002,ITIL;SOC2,SRV-INF-001,APP-INF-001,None,TRUE,TRUE,FALSE,1,2,/health,30,"workers/dspy-service port 8098 - Owner Unmapped, see 02_service_inventory.csv Notes - SLA/DataClassification are the P-tier default pattern"
APP-MLFLOW-001,MLflow API,MLflow experiment tracking,API,Samantha Turing,Samantha Turing,STS-004,ENV-005,HST-003,3.11,FastAPI 0.136.3,DEP-MLFLOW-001,trancendos.com/the-workshop/tranc3/workers/mlflow-service,mlflow-service:latest,self-hosted registry,CRT-001,99.9%,3000,DC-002,ITIL;SOC2,SRV-INF-001,APP-INF-001,None,TRUE,TRUE,FALSE,1,2,/health,30,"workers/mlflow-service port 8039 - owner inferred from worker.py's own docstring text, not the worker-map table - SLA/DataClassification are the P-tier default pattern"
APP-LITELLM-001,LiteLLM Proxy API,LiteLLM zero-cost AI proxy (x10 provider rotation),API,Unmapped,Unmapped,STS-004,ENV-005,HST-003,3.11,FastAPI 0.136.3,DEP-LITELLM-001,trancendos.com/the-workshop/tranc3/workers/litellm-service,litellm-service:latest,self-hosted registry,CRT-001,99.9%,3000,DC-002,ITIL;SOC2,SRV-INF-001,APP-INF-001,None,TRUE,TRUE,FALSE,1,2,/health,30,"workers/litellm-service port 8049 - Owner Unmapped, see 02_service_inventory.csv Notes - SLA/DataClassification are the P-tier default pattern"
APP-SENTINEL-001,Sentinel Station API,Sentinel Station - platform guardian,API,Unmapped,Unmapped,STS-004,ENV-005,HST-003,3.11,FastAPI 0.136.3,DEP-SENTINEL-001,trancendos.com/the-workshop/tranc3/workers/sentinel-station-service,sentinel-station-service:latest,self-hosted registry,CRT-001,99.9%,3000,DC-002,ITIL;SOC2,SRV-INF-001,APP-INF-001,None,TRUE,TRUE,FALSE,1,2,/health,30,"workers/sentinel-station-service port 8041 - Owner Unmapped, see 02_service_inventory.csv Notes - SLA/DataClassification are the P-tier default pattern"
APP-SWARM-001,Swarm Coordinator API,Swarm Coordinator - agent swarm management,API,Unmapped,Unmapped,STS-004,ENV-005,HST-003,3.11,FastAPI 0.136.3,DEP-SWARM-001,trancendos.com/the-workshop/tranc3/workers/swarm-coordinator-service,swarm-coordinator-service:latest,self-hosted registry,CRT-001,99.9%,3000,DC-002,ITIL;SOC2,SRV-INF-001,APP-INF-001,None,TRUE,TRUE,FALSE,1,2,/health,30,"workers/swarm-coordinator-service port 8109 - Owner Unmapped, see 02_service_inventory.csv Notes - health_entity_block port-argument bug fixed this session"
APP-DIMNEXUS-001,Dimensional Nexus API,Multi-dimensional data routing,API,Unmapped,Unmapped,STS-002,ENV-005,HST-003,3.11,FastAPI (unpinned - not deployed),DEP-DIMNEXUS-001,trancendos.com/the-workshop/tranc3/workers/dimensional-nexus-service,dimensional-nexus-service:buildable,self-hosted registry,CRT-002,95.0%,5000,DC-002,ITIL,SRV-INF-001,APP-INF-001,None,FALSE,FALSE,FALSE,0,0,/health,30,"Build now fixed and verified working end-to-end this session (Dimensional/nexus vendored, worker:app entrypoint, OTel import made optional) - still not deployed due to a real port 8050 collision with an undocumented blender-worker service already in docker-compose.production.yml - see 02_service_inventory.csv Notes"
APP-HIVE-001,Hive API (The HIVE),The HIVE - data movement / swarm coordination,API,The Queen,The Queen,STS-004,ENV-005,HST-003,3.11,FastAPI 0.136.3,DEP-HIVE-001,trancendos.com/the-workshop/tranc3/workers/hive-service,hive-service:latest,self-hosted registry,CRT-001,99.9%,3000,DC-002,ITIL;SOC2,SRV-INF-001,APP-INF-001,None,TRUE,TRUE,FALSE,1,2,/health,30,"All three build/routing bugs fixed and verified working end-to-end this session (Dimensional.hive vendored, port mismatch corrected, worker:app entrypoint) - see 02_service_inventory.csv Notes"
APP-IMAGINARIUM-001,Imaginarium API,Omni-creative masterpiece wizard,API,Voxx,Voxx,STS-004,ENV-005,HST-003,3.11,FastAPI 0.136.3,DEP-IMAGINARIUM-001,trancendos.com/the-workshop/tranc3/workers/imaginarium,imaginarium:latest,self-hosted registry,CRT-002,99.0%,3000,DC-002,ITIL,SRV-INF-001,APP-INF-001,None,TRUE,TRUE,FALSE,1,2,/health,30,"workers/imaginarium port 8064 - verified working - SLA/DataClassification are the P-tier default pattern"
APP-STUDIOWORKER-001,The Studio API (standalone worker),Central hub of the Creativity Center,API,Voxx,Voxx,STS-004,ENV-005,HST-003,3.11,FastAPI 0.136.3,DEP-STUDIOWORKER-001,trancendos.com/the-workshop/tranc3/workers/the-studio,the-studio:latest,self-hosted registry,CRT-002,99.0%,3000,DC-002,ITIL,SRV-INF-001,APP-INF-001,None,TRUE,TRUE,FALSE,1,2,/health,30,"workers/the-studio port 8069 - verified working - distinct from src/studio/ mounted on tranc3-backend, see 02_service_inventory.csv Notes - SLA/DataClassification are the P-tier default pattern"
APP-ACADEMY-001,The Academy API,Learning management system,API,Shimshi,Shimshi,STS-004,ENV-005,HST-003,3.11,FastAPI 0.136.3,DEP-ACADEMY-001,trancendos.com/the-workshop/tranc3/workers/the-academy,the-academy:latest,self-hosted registry,CRT-002,99.0%,3000,DC-002,ITIL;GDPR,SRV-INF-001,APP-INF-001,None,TRUE,TRUE,FALSE,1,2,/health,30,"workers/the-academy port 8056 - verified working - SLA/DataClassification are the P-tier default pattern"
APP-DUTCHY-001,The Dutchy API,Intelligence & market analysis,API,Predictive lore,Predictive lore,STS-004,ENV-005,HST-003,3.11,FastAPI 0.136.3,DEP-DUTCHY-001,trancendos.com/the-workshop/tranc3/workers/the-dutchy,the-dutchy:latest,self-hosted registry,CRT-002,99.0%,3000,DC-002,ITIL,SRV-INF-001,APP-INF-001,None,TRUE,TRUE,FALSE,1,2,/health,30,"workers/the-dutchy port 8057 - works in practice via compose PORT override, code-level default is dead/wrong (8061) - see 02_service_inventory.csv Notes - SLA/DataClassification are the P-tier default pattern"
APP-TURINGSHUB-001,Turing's Hub API,AI creation centre - personality/3D AI model builder,API,Samantha Turing,Samantha Turing,STS-004,ENV-005,HST-003,3.11,FastAPI 0.136.3,DEP-TURINGSHUB-001,trancendos.com/the-workshop/tranc3/workers/turings-hub-service,turings-hub-service:latest,self-hosted registry,CRT-002,99.0%,3000,DC-002,ITIL,SRV-INF-001,APP-INF-001,None,TRUE,TRUE,FALSE,1,2,/health,30,"workers/turings-hub-service port 8058 - three real bugs found and FIXED this session (broken COPY paths, port mismatch 8035-vs-8058, dead code default 8085) - see 02_service_inventory.csv Notes - SLA/DataClassification are the P-tier default pattern"
APP-TRANCEFLOW-001,TranceFlow API,3D modeling & games creation (Godot integration),API,Junior Cesar,Junior Cesar,STS-004,ENV-005,HST-003,3.11,FastAPI 0.136.3,DEP-TRANCEFLOW-001,trancendos.com/the-workshop/tranc3/workers/tranceflow,tranceflow:latest,self-hosted registry,CRT-002,99.0%,3000,DC-002,ITIL,SRV-INF-001,APP-INF-001,None,TRUE,TRUE,FALSE,1,2,/health,30,"workers/tranceflow port 8059 - verified working, Dockerfile/compose ports match exactly - code-level default (8067) is dead/wrong like the-dutchy's but harmless - SLA/DataClassification are the P-tier default pattern"
APP-LAB-001,The Lab API,Code creation platform,API,The Dr. & Slime,The Dr. & Slime,STS-004,ENV-005,HST-003,3.11,FastAPI 0.136.3,DEP-LAB-001,trancendos.com/the-workshop/tranc3/workers/the-lab,the-lab:latest,self-hosted registry,CRT-002,99.0%,3000,DC-002,ITIL,SRV-INF-001,APP-INF-001,None,TRUE,TRUE,FALSE,1,2,/health,30,"workers/the-lab port 8055 - verified working - SLA/DataClassification are the P-tier default pattern"
APP-LABSVC-001,The Lab Extended Service API,The Lab extended service layer,API,The Dr. & Slime,The Dr. & Slime,STS-004,ENV-005,HST-003,3.12,FastAPI (unpinned),DEP-LABSVC-001,trancendos.com/the-workshop/tranc3/workers/lab-service,lab-service:latest,self-hosted registry,CRT-002,99.0%,3000,DC-002,ITIL,SRV-LAB-001,APP-LAB-001,HuggingFace Inference API (free tier);OpenRouter (free models),TRUE,TRUE,FALSE,1,2,/health,30,"workers/lab-service port 8066 - verified working, correctly structured multi-file Dockerfile - SLA/DataClassification are the P-tier default pattern"
APP-LIBRARY-001,The Library API,Knowledge base and wiki,API,Zimik,Zimik,STS-004,ENV-005,HST-003,3.12,FastAPI (unpinned),DEP-LIBRARY-001,trancendos.com/the-workshop/tranc3/workers/library-service,library-service:latest,self-hosted registry,CRT-002,99.0%,3000,DC-002,ITIL;GDPR,SRV-INF-001,APP-INF-001,"Outline;BookStack;Wiki.js;Gollum;DokuWiki;MkDocs;Gitea;TiddlyWiki (rotation - self-hosted per design, not independently re-verified this session)",TRUE,TRUE,FALSE,1,2,/health,30,"workers/library-service port 8067 - verified working, correctly structured (COPY . .) - SLA/DataClassification are the P-tier default pattern"
APP-BASEMENT-001,The Basement API,Archived information store,API,Gary Glowman (Glow-Worm),Gary Glowman (Glow-Worm),STS-004,ENV-005,HST-003,3.11,FastAPI (unpinned),DEP-BASEMENT-001,trancendos.com/the-workshop/tranc3/workers/basement,basement:latest,self-hosted registry,CRT-003,95.0%,5000,DC-003,ITIL,SRV-OBS-001,APP-OBS-001,None,TRUE,TRUE,FALSE,1,1,/health,30,"workers/basement port 8068 - works via compose PORT override, code-level default is dead/wrong (8088) - see 02_service_inventory.csv Notes - SLA/DataClassification relaxed for archival role"
APP-DEVOCITY-001,DevOcity API,Development operations hub,API,Kitty,Kitty,STS-004,ENV-005,HST-003,3.11,FastAPI (unpinned),DEP-DEVOCITY-001,trancendos.com/the-workshop/tranc3/workers/devocity,devocity:latest,self-hosted registry,CRT-002,99.0%,3000,DC-002,ITIL,SRV-INF-001,APP-INF-001,None,TRUE,TRUE,FALSE,1,2,/health,30,"workers/devocity port 8110 - works via compose PORT override, code-level default is dead/wrong (8062) - see 02_service_inventory.csv Notes - SLA/DataClassification are the P-tier default pattern"
APP-WARPRADIO-001,Warp Radio API,Music & audio streaming integration,API,Rocking Ricki,Rocking Ricki,STS-004,ENV-005,HST-003,3.11,FastAPI (unpinned),DEP-WARPRADIO-001,trancendos.com/the-workshop/tranc3/workers/warp-radio,warp-radio:latest,self-hosted registry,CRT-003,95.0%,5000,DC-002,ITIL,SRV-INF-001,APP-INF-001,None,TRUE,TRUE,FALSE,1,2,/health,30,"workers/warp-radio port 8073 - works via compose PORT override, code-level default is dead/wrong (8057) - see 02_service_inventory.csv Notes - SLA/DataClassification relaxed for media/entertainment role"
APP-TAIMRA-001,tAimra API,Opt-in digital twin & life assistant,API,tAImra,tAImra,STS-004,ENV-005,HST-003,3.11,FastAPI (unpinned),DEP-TAIMRA-001,trancendos.com/the-workshop/tranc3/workers/taimra,taimra:latest,self-hosted registry,CRT-002,99.0%,3000,DC-004,ITIL;GDPR,SRV-INF-001,APP-INF-001,None,TRUE,TRUE,FALSE,1,2,/health,30,"workers/taimra port 8074 - works via compose PORT override, code-level default is dead/wrong (8065) - see 02_service_inventory.csv Notes - DataClassification Restricted given personal digital-twin data"
APP-IMIND-001,I-Mind API,Sensitivity to emotion engine,API,Elouise,Elouise,STS-004,ENV-005,HST-003,3.11,FastAPI (unpinned),DEP-IMIND-001,trancendos.com/the-workshop/tranc3/workers/imind,imind:latest,self-hosted registry,CRT-002,99.0%,3000,DC-003,ITIL;GDPR,SRV-INF-001,APP-INF-001,None,TRUE,TRUE,FALSE,1,2,/health,30,"workers/imind port 8075 - works via compose PORT override, code-level default is dead/wrong (8059) - see 02_service_inventory.csv Notes - SLA/DataClassification are the P-tier default pattern"
APP-RESONATE-001,Resonate API,Empathy engine,API,Magdalena,Magdalena,STS-004,ENV-005,HST-003,3.11,FastAPI (unpinned),DEP-RESONATE-001,trancendos.com/the-workshop/tranc3/workers/resonate,resonate:latest,self-hosted registry,CRT-002,99.0%,3000,DC-003,ITIL;GDPR,SRV-INF-001,APP-INF-001,None,TRUE,TRUE,FALSE,1,2,/health,30,"workers/resonate port 8076 - fully consistent, no bug found - SLA/DataClassification are the P-tier default pattern"
APP-TRANQUILITY-001,Tranquility API,Wellbeing central hub,API,Savania,Savania,STS-004,ENV-005,HST-003,3.11,FastAPI (unpinned),DEP-TRANQUILITY-001,trancendos.com/the-workshop/tranc3/workers/tranquility,tranquility:latest,self-hosted registry,CRT-002,99.0%,3000,DC-003,ITIL;GDPR,SRV-INF-001,APP-INF-001,None,TRUE,TRUE,FALSE,1,2,/health,30,"workers/tranquility port 8077 - works via compose PORT override, code-level default is dead/wrong (8058) - see 02_service_inventory.csv Notes - SLA/DataClassification are the P-tier default pattern"
APP-BACKUP-001,Backup Service API,Automated data backup,API,Unmapped,Unmapped,STS-004,ENV-005,HST-003,3.11,FastAPI (unpinned),DEP-BACKUP-001,trancendos.com/the-workshop/tranc3/workers/backup-service,backup-service:latest,self-hosted registry,CRT-001,99.9%,3000,DC-003,ITIL;SOC2,SRV-INF-001,APP-INF-001,None,TRUE,TRUE,FALSE,1,2,/health,30,"workers/backup-service port 8078 - unique repo-root Docker build context, correctly implemented - Owner Unmapped, see 02_service_inventory.csv Notes - SLA/DataClassification reflect backup infra's high-criticality nature"
APP-CHAOSPARTY-001,The Chaos Party API,Central testing platform - validation and compliance,API,The Mad Hatter,The Mad Hatter,STS-004,ENV-005,HST-003,3.11,FastAPI (unpinned),DEP-CHAOSPARTY-001,trancendos.com/the-workshop/tranc3/workers/chaos-party,chaos-party:latest,self-hosted registry,CRT-002,99.0%,3000,DC-002,ITIL,SRV-INF-001,APP-INF-001,None,TRUE,TRUE,FALSE,1,2,/health,30,"workers/chaos-party port 8079 - works via compose PORT override, code-level default is dead/wrong (8063) - see 02_service_inventory.csv Notes - SLA/DataClassification are the P-tier default pattern"
APP-FABULOUSA-001,Fabulousa API,Styling UX UI and design center,API,Baron Von Hilton,Baron Von Hilton,STS-004,ENV-005,HST-003,3.11,FastAPI (unpinned),DEP-FABULOUSA-001,trancendos.com/the-workshop/tranc3/workers/fabulousa-service,fabulousa-service:latest,self-hosted registry,CRT-002,99.0%,3000,DC-002,ITIL,SRV-INF-001,APP-INF-001,None,TRUE,TRUE,FALSE,1,2,/health,30,"workers/fabulousa-service port 8048 - fully consistent, no bug found - SLA/DataClassification are the P-tier default pattern"
APP-SASHASPHOTO-001,Sashas Photo Studio API,Photo and image generation center,API,Madam Krystal,Madam Krystal,STS-004,ENV-005,HST-003,3.11,FastAPI (unpinned),DEP-SASHASPHOTO-001,trancendos.com/the-workshop/tranc3/workers/sashas-photo-studio,sashas-photo-studio:latest,self-hosted registry,CRT-002,99.0%,3000,DC-002,ITIL,SRV-INF-001,APP-INF-001,None,TRUE,TRUE,FALSE,1,2,/health,30,"workers/sashas-photo-studio port 8062 - works via compose PORT override, code-level default is dead/wrong (8051) - see 02_service_inventory.csv Notes - SLA/DataClassification are the P-tier default pattern"
APP-TATEKING-001,TateKing API,Video creation and editing platform,API,Benji Tate & Sam King,Benji Tate & Sam King,STS-004,ENV-005,HST-003,3.11,FastAPI (unpinned),DEP-TATEKING-001,trancendos.com/the-workshop/tranc3/workers/tateking,tateking:latest,self-hosted registry,CRT-002,99.0%,5000,DC-002,ITIL,SRV-INF-001,APP-INF-001,None,TRUE,TRUE,FALSE,1,2,/health,30,"workers/tateking port 8061 - fully consistent, no bug found - SLA/DataClassification are the P-tier default pattern, MaxResponseTimeMs relaxed for video workloads"
APP-VRAR3D-001,VRAR3D API,Standalone 3D / VR immersion,API,Entari,Entari,STS-004,ENV-005,HST-003,3.12,FastAPI (unpinned),DEP-VRAR3D-001,trancendos.com/the-workshop/tranc3/workers/vrar3d,vrar3d:latest,self-hosted registry,CRT-002,99.0%,5000,DC-002,ITIL,SRV-INF-001,APP-INF-001,Sketchfab (SKETCHFAB_API_KEY - optional/unconfigured by default; not reviewed in config/zero_cost/providers.yaml),TRUE,TRUE,FALSE,1,2,/health,30,"workers/vrar3d port 8060 - two real bugs found and FIXED this session (port mismatch 8063-vs-8060, wrong env var name VRAR3D_PORT-vs-PORT) - see 02_service_inventory.csv Notes"
APP-INFVOID-001,Infinity Void Vault API,Self-hosted AES-256-GCM encrypted secrets vault,API,Prometheus,Prometheus,STS-004,ENV-005,HST-003,3.11,FastAPI 0.136.3,DEP-INFVOID-001,trancendos.com/the-workshop/tranc3/workers/infinity-void,infinity-void:latest,self-hosted registry,CRT-001,99.95%,500,DC-004,ITIL;SOC2;GDPR,SRV-INF-001,APP-INF-001,None,TRUE,TRUE,FALSE,1,2,/health,30,"workers/infinity-void port 8002 - verified working, self-contained, no import bugs - see 02_service_inventory.csv Notes for the three-way Void comparison"
APP-WS-001,Infinity WS API,The Nexus WebSocket hub - AI/Agent/Bot traffic,API,The Nexus,The Nexus,STS-004,ENV-005,HST-003,3.11,FastAPI 0.136.3,DEP-WS-001,trancendos.com/the-workshop/tranc3/workers/infinity-ws,infinity-ws:latest,self-hosted registry,CRT-001,99.9%,3000,DC-002,ITIL;SOC2,SRV-INF-001,APP-INF-001,None,TRUE,TRUE,FALSE,1,2,/health,30,"Was missing from the workbook entirely - added this session along with a fix for the same Dimensional.sanitize import bug already found in infinity-ai - see 02_service_inventory.csv Notes"
